ID;BRAND;TYPE;DATE;QUANTITY;PRICE PER 1
50000000;HP;PC;1.01.2000;3;4597
50000001;ACER;PC;1.01.2000;9;1500
50000002;APPLE;LAPTOP;4.01.2000;3;4000
50000003;HP;LAPTOP;15.01.2000;1;1000
50000004;ASUS;LAPTOP;4.02.2000;3;2000
50000005;ACER;PC;10.02.2000;6;1525
50000006;APPLE;LAPTOP;23.02.2000;2;3992
50000007;HP;PC;1.03.2000;2;4836
50000008;ACER;PC;21.03.2000;6;1553
50000009;HP;LAPTOP;25.03.2000;1;995
50000010;ACER;LAPTOP;6.04.2000;10;2237
50000011;APPLE;LAPTOP;13.04.2000;3;3985
50000012;ASUS;LAPTOP;24.04.2000;2;2948
50000013;HP;PC;30.04.2000;1;4609
50000014;ACER;PC;30.04.2000;6;1555
50000015;APPLE;LAPTOP;2.06.2000;3;4002
50000016;HP;LAPTOP;3.06.2000;3;972
50000017;ACER;LAPTOP;5.06.2000;2;3936
50000018;ACER;PC;9.06.2000;9;1604
50000019;HP;PC;29.06.2000;2;4003
50000020;ASUS;LAPTOP;13.07.2000;3;2284
50000021;ACER;PC;19.07.2000;10;1684
50000022;APPLE;LAPTOP;22.07.2000;4;4012
50000023;ACER;LAPTOP;4.08.2000;8;2746
50000024;HP;LAPTOP;12.08.2000;2;954
50000025;HP;PC;28.08.2000;4;5220
50000026;ACER;PC;28.08.2000;7;1765
50000027;APPLE;LAPTOP;10.09.2000;4;4010
50000028;ASUS;LAPTOP;1.10.2000;1;2061
50000029;ACER;LAPTOP;3.10.2000;5;2512
50000030;ACER;PC;7.10.2000;7;1753
50000031;HP;LAPTOP;21.10.2000;3;953
50000032;HP;PC;27.10.2000;1;4908
50000033;APPLE;LAPTOP;30.10.2000;3;4013
50000034;ACER;PC;16.11.2000;5;1801
50000035;ACER;LAPTOP;2.12.2000;6;2509
50000036;APPLE;LAPTOP;19.12.2000;4;4011
50000037;ASUS;LAPTOP;20.12.2000;1;2147
50000038;HP;PC;26.12.2000;3;5376
50000039;ACER;PC;26.12.2000;6;1816
50000040;HP;LAPTOP;30.12.2000;3;937
50000041;ACER;LAPTOP;31.01.2001;14;2086
50000042;ACER;PC;4.02.2001;8;1887
50000043;APPLE;LAPTOP;7.02.2001;3;4011
50000044;MSI;PC;7.02.2001;6;3000
50000045;HP;PC;24.02.2001;4;5864
50000046;HP;LAPTOP;10.03.2001;3;953
50000047;ASUS;LAPTOP;10.03.2001;4;2625
50000048;ACER;PC;16.03.2001;6;1897
50000049;APPLE;LAPTOP;29.03.2001;4;4021
50000050;ACER;LAPTOP;1.04.2001;10;2221
50000051;HP;PC;25.04.2001;1;5046
50000052;ACER;PC;25.04.2001;8;1914
50000053;MSI;PC;8.05.2001;7;3001
50000054;APPLE;LAPTOP;18.05.2001;3;4031
50000055;HP;LAPTOP;19.05.2001;4;958
50000056;ASUS;LAPTOP;29.05.2001;1;2880
50000057;ACER;LAPTOP;31.05.2001;5;2771
50000058;ACER;PC;4.06.2001;10;2010
50000059;HP;PC;24.06.2001;5;5669
50000060;APPLE;LAPTOP;7.07.2001;2;4037
50000061;ACER;PC;14.07.2001;8;2099
50000062;HP;LAPTOP;28.07.2001;2;985
50000063;ACER;LAPTOP;30.07.2001;14;2161
50000064;MSI;PC;6.08.2001;7;3000
50000065;ASUS;LAPTOP;17.08.2001;2;2352
50000066;HP;PC;23.08.2001;1;4390
50000067;ACER;PC;23.08.2001;10;2101
50000068;APPLE;LAPTOP;26.08.2001;4;4049
50000069;ACER;LAPTOP;28.09.2001;20;1891
50000070;ACER;PC;2.10.2001;5;2116
50000071;HP;LAPTOP;6.10.2001;3;1020
50000072;APPLE;LAPTOP;15.10.2001;3;4066
50000073;HP;PC;22.10.2001;5;5933
50000074;MSI;PC;4.11.2001;8;2981
50000075;ASUS;LAPTOP;5.11.2001;3;2410
50000076;ACER;PC;11.11.2001;5;2129
50000077;ACER;LAPTOP;27.11.2001;7;2892
50000078;APPLE;LAPTOP;4.12.2001;4;4077
50000079;HP;LAPTOP;15.12.2001;2;1021
50000080;HP;PC;21.12.2001;4;5762
50000081;ACER;PC;21.12.2001;5;2122
50000082;APPLE;LAPTOP;23.01.2002;2;4082
50000083;ASUS;LAPTOP;24.01.2002;1;2100
50000084;ACER;LAPTOP;26.01.2002;9;2647
50000085;ACER;PC;30.01.2002;7;2123
50000086;MSI;PC;2.02.2002;7;2985
50000087;HP;PC;19.02.2002;2;5434
50000088;HP;LAPTOP;23.02.2002;3;1042
50000089;ACER;PC;11.03.2002;5;2208
50000090;APPLE;LAPTOP;14.03.2002;3;4094
50000091;ACER;LAPTOP;27.03.2002;11;2168
50000092;ASUS;LAPTOP;14.04.2002;3;2722
50000093;HP;PC;20.04.2002;5;5639
50000094;ACER;PC;20.04.2002;5;2296
50000095;APPLE;LAPTOP;3.05.2002;4;4095
50000096;MSI;PC;3.05.2002;6;2991
50000097;HP;LAPTOP;4.05.2002;4;1015
50000098;ACER;LAPTOP;26.05.2002;16;1927
50000099;ACER;PC;30.05.2002;6;2287
50000100;HP;PC;19.06.2002;4;5546
50000101;APPLE;LAPTOP;22.06.2002;4;4103
50000102;ASUS;LAPTOP;3.07.2002;2;2673
50000103;ACER;PC;9.07.2002;8;2371
50000104;HP;LAPTOP;13.07.2002;2;1004
50000105;ACER;LAPTOP;25.07.2002;7;2536
50000106;MSI;PC;1.08.2002;7;2972
50000107;APPLE;LAPTOP;11.08.2002;2;4101
50000108;HP;PC;18.08.2002;3;5642
50000109;ACER;PC;18.08.2002;8;2441
50000110;HP;LAPTOP;21.09.2002;3;1042
50000111;ASUS;LAPTOP;21.09.2002;3;2570
50000112;ACER;LAPTOP;23.09.2002;8;2537
50000113;ACER;PC;27.09.2002;9;2488
50000114;APPLE;LAPTOP;30.09.2002;2;4120
50000115;HP;PC;17.10.2002;2;4104
50000116;MSI;PC;30.10.2002;6;2965
50000117;ACER;PC;6.11.2002;5;2520
50000118;APPLE;LAPTOP;19.11.2002;2;4126
50000119;ACER;LAPTOP;22.11.2002;13;2442
50000120;HP;LAPTOP;30.11.2002;4;1070
50000121;ASUS;LAPTOP;10.12.2002;4;2109
50000122;HP;PC;16.12.2002;4;5321
50000123;ACER;PC;16.12.2002;8;2603
50000124;ASUS;PC;1.01.2003;3;4148
50000125;APPLE;LAPTOP;8.01.2003;3;4129
50000126;ACER;LAPTOP;21.01.2003;17;1937
50000127;ACER;PC;25.01.2003;8;2583
50000128;MSI;PC;28.01.2003;7;2938
50000129;HP;LAPTOP;8.02.2003;1;1070
50000130;HP;PC;14.02.2003;4;5423
50000131;ASUS;PC;20.02.2003;6;2581
50000132;APPLE;LAPTOP;27.02.2003;3;4119
50000133;ASUS;LAPTOP;28.02.2003;4;2811
50000134;MSI ;LAPTOP;3.03.2003;3;2000
50000135;ACER;PC;6.03.2003;9;2662
50000136;ACER;LAPTOP;22.03.2003;5;2687
50000137;ASUS;PC;11.04.2003;4;4724
50000138;HP;PC;15.04.2003;4;4581
50000139;ACER;PC;15.04.2003;8;2689
50000140;APPLE;LAPTOP;18.04.2003;4;4118
50000141;HP;LAPTOP;19.04.2003;1;1100
50000142;MSI;PC;28.04.2003;6;2921
50000143;ASUS;LAPTOP;19.05.2003;4;2311
50000144;ACER;LAPTOP;21.05.2003;18;1816
50000145;ACER;PC;25.05.2003;8;2781
50000146;ASUS;PC;31.05.2003;6;2933
50000147;APPLE;LAPTOP;7.06.2003;4;4123
50000148;HP;PC;14.06.2003;2;5932
50000149;HP;LAPTOP;28.06.2003;2;1095
50000150;MSI ;LAPTOP;1.07.2003;1;2110
50000151;ACER;PC;4.07.2003;5;2825
50000152;ACER;LAPTOP;20.07.2003;11;2230
50000153;ASUS;PC;20.07.2003;1;5557
50000154;APPLE;LAPTOP;27.07.2003;4;4119
50000155;MSI;PC;27.07.2003;8;2911
50000156;ASUS;LAPTOP;7.08.2003;1;2219
50000157;HP;PC;13.08.2003;5;4253
50000158;ACER;PC;13.08.2003;7;2878
50000159;HP;LAPTOP;6.09.2003;1;1082
50000160;ASUS;PC;8.09.2003;7;2384
50000161;APPLE;LAPTOP;15.09.2003;3;4133
50000162;ACER;LAPTOP;18.09.2003;18;1703
50000163;ACER;PC;22.09.2003;7;2864
50000164;HP;PC;12.10.2003;1;5876
50000165;MSI;PC;25.10.2003;7;2924
50000166;ASUS;LAPTOP;26.10.2003;1;2133
50000167;ASUS;PC;28.10.2003;7;2340
50000168;MSI ;LAPTOP;29.10.2003;2;1944
50000169;ACER;PC;1.11.2003;10;2947
50000170;APPLE;LAPTOP;4.11.2003;3;4141
50000171;HP;LAPTOP;15.11.2003;3;1095
50000172;ACER;LAPTOP;17.11.2003;7;2859
50000173;HP;PC;11.12.2003;4;5698
50000174;ACER;PC;11.12.2003;9;2941
50000175;ASUS;PC;17.12.2003;8;2855
50000176;APPLE;LAPTOP;24.12.2003;2;4161
50000177;ASUS;LAPTOP;14.01.2004;3;2210
50000178;ACER;LAPTOP;16.01.2004;18;1801
50000179;ACER;PC;20.01.2004;9;2993
50000180;MSI;PC;23.01.2004;6;2907
50000181;HP;LAPTOP;24.01.2004;1;1091
50000182;ASUS;PC;5.02.2004;6;2648
50000183;HP;PC;9.02.2004;2;5514
50000184;APPLE;LAPTOP;12.02.2004;2;4175
50000185;MSI ;LAPTOP;26.02.2004;1;1949
50000186;ACER;PC;29.02.2004;7;3051
50000187;ACER;LAPTOP;16.03.2004;18;1925
50000188;ASUS;PC;26.03.2004;6;2760
50000189;APPLE;LAPTOP;2.04.2004;4;4183
50000190;HP;LAPTOP;3.04.2004;1;1104
50000191;ASUS;LAPTOP;3.04.2004;2;2604
50000192;HP;PC;9.04.2004;1;5613
50000193;ACER;PC;9.04.2004;10;3099
50000194;MSI;PC;22.04.2004;6;2883
50000195;ACER;LAPTOP;15.05.2004;3;3879
50000196;ASUS;PC;15.05.2004;8;2522
50000197;ACER;PC;19.05.2004;9;3154
50000198;APPLE;LAPTOP;22.05.2004;4;4182
50000199;HP;PC;8.06.2004;4;4092
50000200;HP;LAPTOP;12.06.2004;3;1132
50000201;ASUS;LAPTOP;30.05.2004;3;7000
50000202;ASUS;LAPTOP;22.06.2004;1;2812
50000203;MSI ;LAPTOP;25.06.2004;3;2113
50000204;ACER;PC;28.06.2004;5;3187
50000205;ASUS;PC;4.07.2004;5;3253
50000206;APPLE;LAPTOP;11.07.2004;2;4177
50000207;ACER;LAPTOP;14.07.2004;11;2145
50000208;MSI;PC;21.07.2004;8;2893
50000209;HP;PC;7.08.2004;5;5241
50000210;ACER;PC;7.08.2004;6;3192
50000211;HP;LAPTOP;21.08.2004;1;1159
50000212;ASUS;PC;23.08.2004;5;3814
50000213;APPLE;LAPTOP;30.08.2004;3;4194
50000214;ASUS;LAPTOP;10.09.2004;2;2473
50000215;ACER;LAPTOP;12.09.2004;11;2013
50000216;ACER;PC;16.09.2004;9;3221
50000217;HP;PC;6.10.2004;1;5536
50000218;ASUS;PC;12.10.2004;3;3805
50000219;APPLE;LAPTOP;19.10.2004;4;4209
50000220;MSI;PC;19.10.2004;7;2906
50000221;MSI ;LAPTOP;23.10.2004;2;2105
50000222;ACER;PC;26.10.2004;8;3248
50000223;HP;LAPTOP;30.10.2004;3;1195
50000224;ACER;LAPTOP;11.11.2004;12;2001
50000225;ASUS;LAPTOP;29.11.2004;4;2999
50000226;ASUS;PC;1.12.2004;8;2743
50000227;HP;PC;5.12.2004;5;4901
50000228;ACER;PC;5.12.2004;9;3282
50000229;APPLE;LAPTOP;8.12.2004;4;4200
50000230;HP;LAPTOP;8.01.2005;1;1219
50000231;ACER;LAPTOP;10.01.2005;10;2060
50000232;ACER;PC;14.01.2005;6;3352
50000233;MSI;PC;17.01.2005;6;2898
50000234;ASUS;PC;20.01.2005;5;3824
50000235;APPLE;LAPTOP;27.01.2005;3;4217
50000236;HP;PC;3.02.2005;2;4589
50000237;ASUS;LAPTOP;17.02.2005;4;2547
50000238;MSI ;LAPTOP;20.02.2005;1;1818
50000239;ACER;PC;23.02.2005;8;3427
50000240;ACER;LAPTOP;11.03.2005;7;2775
50000241;ASUS;PC;11.03.2005;2;5907
50000242;APPLE;LAPTOP;18.03.2005;2;4227
50000243;HP;LAPTOP;19.03.2005;1;1230
50000244;HP;PC;4.04.2005;2;5088
50000245;ACER;PC;4.04.2005;7;3488
50000246;MSI;PC;17.04.2005;8;2873
50000247;ASUS;PC;30.04.2005;3;3828
50000248;APPLE;LAPTOP;7.05.2005;3;4238
50000249;ASUS;LAPTOP;8.05.2005;2;2224
50000250;ACER;LAPTOP;10.05.2005;3;3191
50000251;ACER;PC;14.05.2005;10;3549
50000252;HP;LAPTOP;28.05.2005;1;1234
50000253;HP;PC;3.06.2005;2;4546
50000254;ASUS;PC;19.06.2005;3;4716
50000255;MSI ;LAPTOP;20.06.2005;1;1908
50000256;ACER;PC;23.06.2005;8;3592
50000257;APPLE;LAPTOP;26.06.2005;2;4251
50000258;ACER;LAPTOP;9.07.2005;3;3984
50000259;MSI;PC;16.07.2005;6;2872
50000260;ASUS;LAPTOP;27.07.2005;2;2107
50000261;HP;PC;2.08.2005;2;4046
50000262;ACER;PC;2.08.2005;5;3689
50000263;HP;LAPTOP;6.08.2005;3;1255
50000264;ASUS;PC;8.08.2005;2;5729
50000265;APPLE;LAPTOP;15.08.2005;2;4244
50000266;ACER;LAPTOP;7.09.2005;5;2784
50000267;ACER;PC;11.09.2005;10;3727
50000268;ASUS;PC;27.09.2005;3;4922
50000269;HP;PC;1.10.2005;3;4918
50000270;APPLE;LAPTOP;4.10.2005;3;4251
50000271;MSI;PC;14.10.2005;7;2839
50000272;HP;LAPTOP;15.10.2005;2;1271
50000273;ASUS;LAPTOP;15.10.2005;1;2733
50000274;MSI ;LAPTOP;18.10.2005;1;1984
50000275;ACER;PC;21.10.2005;9;3825
50000276;ACER;LAPTOP;6.11.2005;7;2610
50000277;ASUS;PC;16.11.2005;7;2354
50000278;APPLE;LAPTOP;23.11.2005;3;4251
50000279;HP;PC;30.11.2005;3;5710
50000280;ACER;PC;30.11.2005;5;3821
50000281;HP;LAPTOP;24.12.2005;4;1276
50000282;ASUS;LAPTOP;3.01.2006;2;2555
50000283;ACER;LAPTOP;5.01.2006;14;2129
50000284;ASUS;PC;5.01.2006;5;4955
50000285;ACER;PC;9.01.2006;10;3864
50000286;APPLE;LAPTOP;12.01.2006;4;4248
50000287;MSI;PC;12.01.2006;8;2840
50000288;HP;PC;29.01.2006;3;5128
50000289;MSI ;LAPTOP;15.02.2006;1;1809
50000290;ACER;PC;18.02.2006;10;3946
50000291;ASUS;PC;24.02.2006;4;4210
50000292;APPLE;LAPTOP;3.03.2006;3;4266
50000293;HP;LAPTOP;4.03.2006;1;1279
50000294;ACER;LAPTOP;6.03.2006;2;3704
50000295;ASUS;LAPTOP;24.03.2006;4;2107
50000296;HP;PC;30.03.2006;1;4895
50000297;ACER;PC;30.03.2006;9;4008
50000298;MSI;PC;12.04.2006;8;2814
50000299;ASUS;PC;15.04.2006;7;2362
50000300;APPLE;LAPTOP;22.04.2006;3;4261
50000301;ACER;LAPTOP;5.05.2006;2;3573
50000302;ACER;PC;9.05.2006;7;4091
50000303;HP;LAPTOP;13.05.2006;3;1289
50000304;HP;PC;29.05.2006;4;5102
50000305;ASUS;PC;4.06.2006;4;4856
50000306;APPLE;LAPTOP;11.06.2006;3;4259
50000307;ASUS;LAPTOP;12.06.2006;3;2224
50000308;MSI ;LAPTOP;15.06.2006;3;1935
50000309;ACER;PC;18.06.2006;8;4168
50000310;ACER;LAPTOP;4.07.2006;19;1977
50000311;MSI;PC;11.07.2006;6;2824
50000312;HP;LAPTOP;22.07.2006;2;1302
50000313;ASUS;PC;24.07.2006;3;4596
50000314;HP;PC;28.07.2006;4;4827
50000315;ACER;PC;28.07.2006;9;4239
50000316;APPLE;LAPTOP;31.07.2006;2;4268
50000317;ASUS;LAPTOP;31.08.2006;2;2218
50000318;ACER;LAPTOP;2.09.2006;4;3478
50000319;ACER;PC;6.09.2006;8;4270
50000320;ASUS;PC;12.09.2006;2;5933
50000321;APPLE;LAPTOP;19.09.2006;3;4279
50000322;HP;PC;26.09.2006;3;5188
50000323;HP;LAPTOP;30.09.2006;4;1285
50000324;MSI;PC;9.10.2006;6;2798
50000325;MSI ;LAPTOP;13.10.2006;3;1876
50000326;ACER;PC;16.10.2006;10;4284
50000327;ACER;LAPTOP;1.11.2006;10;2414
50000328;ASUS;PC;1.11.2006;6;2355
50000329;APPLE;LAPTOP;8.11.2006;2;4269
50000330;ASUS;LAPTOP;19.11.2006;1;2915
50000331;HP;PC;25.11.2006;5;5395
50000332;ACER;PC;25.11.2006;9;4322
50000333;HP;LAPTOP;9.12.2006;4;1277
50000334;ASUS;PC;21.12.2006;1;5869
50000335;APPLE;LAPTOP;28.12.2006;4;4286
50000336;ACER;LAPTOP;31.12.2006;3;3449
50000337;ACER;PC;4.01.2007;7;4406
50000338;MSI;PC;7.01.2007;7;2803
50000339;HP;PC;24.01.2007;2;5932
50000340;ASUS;LAPTOP;7.02.2007;1;2520
50000341;ASUS;PC;9.02.2007;2;5790
50000342;MSI ;LAPTOP;10.02.2007;1;1948
50000343;ACER;PC;13.02.2007;10;4501
50000344;APPLE;LAPTOP;16.02.2007;4;4279
50000345;HP;LAPTOP;17.02.2007;3;1309
50000346;ACER;LAPTOP;1.03.2007;13;2196
50000347;HP;PC;25.03.2007;1;5139
50000348;ACER;PC;25.03.2007;6;4567
50000349;ASUS;PC;31.03.2007;6;2232
50000350;APPLE;LAPTOP;7.04.2007;3;4275
50000351;MSI;PC;7.04.2007;6;2818
50000352;HP;LAPTOP;28.04.2007;1;1324
50000353;ASUS;LAPTOP;28.04.2007;1;2704
50000354;ACER;LAPTOP;30.04.2007;9;2831
50000355;ACER;PC;4.05.2007;5;4572
50000356;ASUS;PC;20.05.2007;1;5513
50000357;HP;PC;24.05.2007;5;5182
50000358;APPLE;LAPTOP;27.05.2007;3;4287
50000359;MSI ;LAPTOP;10.06.2007;1;2086
50000360;ACER;PC;13.06.2007;8;4561
50000361;ACER;LAPTOP;29.06.2007;12;2061
50000362;MSI;PC;6.07.2007;6;2802
50000363;HP;LAPTOP;7.07.2007;4;1350
50000364;ASUS;PC;9.07.2007;5;4141
50000365;APPLE;LAPTOP;16.07.2007;4;4282
50000366;ASUS;LAPTOP;17.07.2007;4;2122
50000367;HP;PC;23.07.2007;1;5277
50000368;ACER;PC;23.07.2007;6;4635
50000369;ACER;LAPTOP;28.08.2007;3;3842
50000370;ASUS;PC;28.08.2007;2;5904
50000371;ACER;PC;1.09.2007;7;4699
50000372;APPLE;LAPTOP;4.09.2007;3;4300
50000373;HP;LAPTOP;15.09.2007;4;1372
50000374;HP;PC;21.09.2007;2;4039
50000375;MSI;PC;4.10.2007;8;2809
50000376;ASUS;LAPTOP;5.10.2007;2;2477
50000377;MSI ;LAPTOP;8.10.2007;2;2039
50000378;ACER;PC;11.10.2007;9;4683
50000379;ASUS;PC;17.10.2007;1;5432
50000380;APPLE;LAPTOP;24.10.2007;2;4306
50000381;ACER;LAPTOP;27.10.2007;12;2462
50000382;HP;PC;20.11.2007;3;5857
50000383;ACER;PC;20.11.2007;7;4676
50000384;HP;LAPTOP;24.11.2007;4;1391
50000385;ASUS;PC;6.12.2007;5;4981
50000386;APPLE;LAPTOP;13.12.2007;4;4315
50000387;ASUS;LAPTOP;24.12.2007;4;2783
50000388;ACER;LAPTOP;26.12.2007;9;2588
50000389;ACER;PC;30.12.2007;7;4716
50000390;MSI;PC;2.01.2008;8;2796
50000391;HP;PC;19.01.2008;3;4892
50000392;ASUS;PC;25.01.2008;1;5997
50000393;APPLE;LAPTOP;1.02.2008;3;4327
50000394;HP;LAPTOP;2.02.2008;1;1413
50000395;MSI ;LAPTOP;5.02.2008;2;2012
50000396;ACER;PC;8.02.2008;5;4759
50000397;ACER;LAPTOP;24.02.2008;15;1809
50000398;ASUS;LAPTOP;13.03.2008;2;2023
50000399;ASUS;PC;15.03.2008;7;2694
50000400;HP;PC;19.03.2008;3;4969
50000401;ACER;PC;19.03.2008;8;4761
50000402;APPLE;LAPTOP;22.03.2008;2;4324
50000403;MSI;PC;1.04.2008;8;2774
50000404;HP;LAPTOP;12.04.2008;3;1398
50000405;ACER;LAPTOP;24.04.2008;6;2641
50000406;ACER;PC;28.04.2008;6;4770
50000407;ASUS;PC;4.05.2008;4;4203
50000408;APPLE;LAPTOP;11.05.2008;3;4327
50000409;HP;PC;18.05.2008;3;5800
50000410;ASUS;LAPTOP;1.06.2008;3;2612
50000411;MSI ;LAPTOP;4.06.2008;2;1848
50000412;ACER;PC;7.06.2008;9;4843
50000413;HP;LAPTOP;21.06.2008;1;1399
50000414;ACER;LAPTOP;23.06.2008;10;2116
50000415;ASUS;PC;23.06.2008;4;3712
50000416;APPLE;LAPTOP;30.06.2008;3;4346
50000417;MSI;PC;30.06.2008;6;2754
50000418;HP;PC;17.07.2008;1;4580
50000419;ACER;PC;17.07.2008;5;4850
50000420;ASUS;PC;12.08.2008;1;5239
50000421;APPLE;LAPTOP;19.08.2008;4;4355
50000422;ASUS;LAPTOP;20.08.2008;3;2222
50000423;ACER;LAPTOP;22.08.2008;17;1829
50000424;ACER;PC;26.08.2008;8;4881
50000425;HP;LAPTOP;30.08.2008;4;1376
50000426;HP;PC;15.09.2008;4;5840
50000427;MSI;PC;28.09.2008;8;2759
50000428;ASUS;PC;1.10.2008;7;2234
50000429;MSI ;LAPTOP;2.10.2008;2;1824
50000430;ACER;PC;5.10.2008;7;4942
50000431;APPLE;LAPTOP;8.10.2008;4;4365
50000432;ACER;LAPTOP;21.10.2008;7;2932
50000433;HP;LAPTOP;8.11.2008;1;1349
50000434;ASUS;LAPTOP;8.11.2008;2;2920
50000435;HP;PC;14.11.2008;3;4412
50000436;ACER;PC;14.11.2008;9;5025
50000437;ASUS;PC;20.11.2008;5;4098
50000438;APPLE;LAPTOP;27.11.2008;2;4357
50000439;ACER;LAPTOP;20.12.2008;6;2951
50000440;ACER;PC;24.12.2008;6;5097
50000441;MSI;PC;27.12.2008;7;2744
50000442;ASUS;PC;9.01.2009;1;5469
50000443;HP;PC;13.01.2009;3;5364
50000444;APPLE;LAPTOP;16.01.2009;4;4373
50000445;HP;LAPTOP;17.01.2009;2;1382
50000446;ASUS;LAPTOP;25.12.2008;1;4500
50000447;ASUS;LAPTOP;27.01.2009;4;2738
50000448;MSI ;LAPTOP;30.01.2009;1;1916
50000449;ACER;PC;2.02.2009;10;5193
50000450;ACER;LAPTOP;18.02.2009;16;1909
50000451;ASUS;PC;28.02.2009;7;2255
50000452;APPLE;LAPTOP;7.03.2009;3;4388
50000453;HP;PC;14.03.2009;5;5530
50000454;ACER;PC;14.03.2009;5;5283
50000455;MSI;PC;27.03.2009;7;2714
50000456;HP;LAPTOP;28.03.2009;1;1379
50000457;ASUS;LAPTOP;17.04.2009;2;2971
50000458;ACER;LAPTOP;19.04.2009;17;1895
50000459;ASUS;PC;19.04.2009;1;5704
50000460;ACER;PC;23.04.2009;7;5348
50000461;APPLE;LAPTOP;26.04.2009;3;4382
50000462;HP;PC;13.05.2009;2;4580
50000463;MSI ;LAPTOP;30.05.2009;1;1957
50000464;ACER;PC;2.06.2009;10;5424
50000465;HP;LAPTOP;6.06.2009;2;1387
50000466;ASUS;PC;8.06.2009;4;4709
50000467;APPLE;LAPTOP;15.06.2009;2;4394
50000468;ACER;LAPTOP;18.06.2009;11;2376
50000469;MSI;PC;25.06.2009;7;2723
50000470;ASUS;LAPTOP;6.07.2009;2;2408
50000471;HP;PC;12.07.2009;1;4572
50000472;ACER;PC;12.07.2009;6;5465
50000473;ASUS;PC;28.07.2009;2;5520
50000474;APPLE;LAPTOP;4.08.2009;2;4410
50000475;HP;LAPTOP;15.08.2009;2;1415
50000476;ACER;LAPTOP;17.08.2009;7;2757
50000477;ACER;PC;21.08.2009;7;5460
50000478;HP;PC;10.09.2009;3;4028
50000479;ASUS;PC;16.09.2009;5;4940
50000480;APPLE;LAPTOP;23.09.2009;3;4405
50000481;MSI;PC;23.09.2009;7;2699
50000482;ASUS;LAPTOP;24.09.2009;2;2487
50000483;MSI ;LAPTOP;27.09.2009;1;2125
50000484;ACER;PC;30.09.2009;10;5442
50000485;ACER;LAPTOP;16.10.2009;17;1875
50000486;HP;LAPTOP;24.10.2009;2;1451
50000487;ASUS;PC;5.11.2009;1;5871
50000488;HP;PC;9.11.2009;1;4810
50000489;ACER;PC;9.11.2009;5;5479
50000490;APPLE;LAPTOP;12.11.2009;3;4411
50000491;ASUS;LAPTOP;13.12.2009;2;2405
50000492;ACER;LAPTOP;15.12.2009;8;2948
50000493;ACER;PC;19.12.2009;5;5476
50000494;MSI;PC;22.12.2009;6;2694
50000495;ASUS;PC;25.12.2009;8;2809
50000496;APPLE;LAPTOP;1.01.2010;4;4417
50000497;HP;LAPTOP;2.01.2010;10;1501
50000498;HP;PC;8.01.2010;5;5433
50000499;MSI ;LAPTOP;25.01.2010;6;2127
50000500;ACER;PC;28.01.2010;8;5492
50000501;HP;LAPTOP;11.02.2010;9;1567
50000502;ACER;LAPTOP;13.02.2010;17;1840
50000503;ASUS;PC;13.02.2010;2;5138
50000504;APPLE;LAPTOP;20.02.2010;2;4426
50000505;ASUS;LAPTOP;3.03.2010;1;2924
50000506;HP;PC;9.03.2010;4;5211
50000507;ACER;PC;9.03.2010;6;5496
50000508;MSI;PC;22.03.2010;8;2707
50000509;HP;LAPTOP;23.03.2010;9;1571
50000510;ASUS;PC;4.04.2010;2;5346
50000511;APPLE;LAPTOP;11.04.2010;3;4430
50000512;ACER;LAPTOP;14.04.2010;20;1946
50000513;ACER;PC;18.04.2010;2;5505
50000514;HP;LAPTOP;2.05.2010;10;1620
50000515;HP;PC;8.05.2010;3;4498
50000516;ASUS;LAPTOP;22.05.2010;3;2813
50000517;ASUS;PC;24.05.2010;3;4451
50000518;MSI ;LAPTOP;25.05.2010;6;2139
50000519;ACER;PC;28.05.2010;3;5514
50000520;APPLE;LAPTOP;31.05.2010;3;4436
50000521;HP;LAPTOP;11.06.2010;6;1687
50000522;ACER;LAPTOP;13.06.2010;2;3168
50000523;MSI;PC;20.06.2010;6;2670
50000524;HP;PC;7.07.2010;4;4190
50000525;ACER;PC;7.07.2010;1;5515
50000526;ASUS;PC;13.07.2010;4;4731
50000527;APPLE;LAPTOP;20.07.2010;3;4449
50000528;HP;LAPTOP;21.07.2010;8;1710
50000529;ASUS;LAPTOP;10.08.2010;2;3000
50000530;ACER;LAPTOP;12.08.2010;7;2647
50000531;ACER;PC;16.08.2010;1;5684
50000532;HP;LAPTOP;30.08.2010;6;1771
50000533;ASUS;PC;1.09.2010;2;5639
50000534;HP;PC;5.09.2010;2;5284
50000535;APPLE;LAPTOP;8.09.2010;4;4467
50000536;MSI;PC;18.09.2010;7;2683
50000537;MSI ;LAPTOP;22.09.2010;4;2139
50000538;ACER;PC;25.09.2010;1;5693
50000539;HP;LAPTOP;9.10.2010;7;1792
50000540;ACER;LAPTOP;11.10.2010;10;2109
50000541;ASUS;PC;21.10.2010;7;2466
50000542;APPLE;LAPTOP;28.10.2010;4;4475
50000543;ASUS;LAPTOP;29.10.2010;3;2829
50000544;HP;PC;4.11.2010;4;4500
50000545;ACER;PC;4.11.2010;1;5709
50000546;HP;LAPTOP;18.11.2010;5;1836
50000547;ACER;LAPTOP;10.12.2010;17;1727
50000548;ASUS;PC;10.12.2010;1;5421
50000549;ACER;PC;14.12.2010;3;5745
50000550;APPLE;LAPTOP;17.12.2010;4;4467
50000551;MSI;PC;17.12.2010;8;2681
50000552;HP;LAPTOP;28.12.2010;5;1884
50000553;HP;PC;3.01.2011;3;5598
50000554;ASUS;LAPTOP;17.01.2011;3;2631
50000555;MSI ;LAPTOP;20.01.2011;4;2136
50000556;ACER;PC;23.01.2011;2;5761
50000557;ASUS;PC;29.01.2011;6;2564
50000558;APPLE;LAPTOP;5.02.2011;2;4461
50000559;HP;LAPTOP;6.02.2011;8;1943
50000560;ACER;LAPTOP;8.02.2011;20;1839
50000561;HP;PC;4.03.2011;2;5186
50000562;ACER;PC;4.03.2011;3;5842
50000563;MSI;PC;17.03.2011;6;2654
50000564;HP;LAPTOP;18.03.2011;9;1954
50000565;ASUS;PC;20.03.2011;4;4126
50000566;APPLE;LAPTOP;27.03.2011;4;4464
50000567;ASUS;LAPTOP;7.04.2011;1;2311
50000568;ACER;LAPTOP;9.04.2011;19;1823
50000569;ACER;PC;13.04.2011;2;5867
50000570;HP;LAPTOP;27.04.2011;9;2019
50000571;HP;PC;3.05.2011;2;5297
50000572;ASUS;PC;9.05.2011;7;2891
50000573;APPLE;LAPTOP;16.05.2011;3;4472
50000574;MSI ;LAPTOP;20.05.2011;6;2158
50000575;ACER;PC;23.05.2011;1;5931
50000576;HP;LAPTOP;6.06.2011;9;2030
50000577;ACER;LAPTOP;8.06.2011;9;2639
50000578;MSI;PC;15.06.2011;7;2647
50000579;ASUS;LAPTOP;26.06.2011;3;2082
50000580;ASUS;PC;28.06.2011;3;4366
50000581;HP;PC;2.07.2011;5;4231
50000582;ACER;PC;2.07.2011;2;6187
50000583;APPLE;LAPTOP;5.07.2011;2;4491
50000584;HP;LAPTOP;16.07.2011;8;2045
50000585;ACER;LAPTOP;7.08.2011;5;2587
50000586;ACER;PC;11.08.2011;3;6511
50000587;ASUS;PC;17.08.2011;8;2142
50000588;APPLE;LAPTOP;24.08.2011;3;4509
50000589;HP;LAPTOP;25.08.2011;7;2104
50000590;HP;PC;31.08.2011;3;4299
50000591;MSI;PC;13.09.2011;6;2613
50000592;ASUS;LAPTOP;14.09.2011;2;2123
50000593;MSI ;LAPTOP;17.09.2011;6;2150
50000594;ACER;PC;20.09.2011;1;6536
50000595;HP;LAPTOP;4.10.2011;9;2174
50000596;ACER;LAPTOP;6.10.2011;15;1872
50000597;ASUS;PC;6.10.2011;8;2538
50000598;APPLE;LAPTOP;13.10.2011;3;4515
50000599;HP;PC;30.10.2011;4;5285
50000600;ACER;PC;30.10.2011;1;6585
50000601;HP;LAPTOP;13.11.2011;8;2218
50000602;ASUS;PC;25.11.2011;1;5047
50000603;APPLE;LAPTOP;2.12.2011;3;4532
50000604;ASUS;LAPTOP;3.12.2011;3;2913
50000605;ACER;LAPTOP;5.12.2011;7;2693
50000606;ACER;PC;9.12.2011;1;6781
50000607;MSI;PC;12.12.2011;8;2592
50000608;HP;LAPTOP;23.12.2011;10;2276
50000609;HP;PC;29.12.2011;5;5302
50000610;ASUS;PC;14.01.2012;5;3144
50000611;MSI ;LAPTOP;15.01.2012;6;2156
50000612;ACER;PC;18.01.2012;3;7006
50000613;APPLE;LAPTOP;21.01.2012;3;4549
50000614;HP;LAPTOP;1.02.2012;7;2284
50000615;ACER;LAPTOP;3.02.2012;11;2234
50000616;ASUS;LAPTOP;21.02.2012;4;2913
50000617;HP;PC;27.02.2012;5;4521
50000618;ACER;PC;27.02.2012;3;7087
50000619;ASUS;PC;4.03.2012;2;5862
50000620;APPLE;LAPTOP;11.03.2012;3;4545
50000621;MSI;PC;11.03.2012;6;2588
50000622;HP;LAPTOP;12.03.2012;7;2307
50000623;ACER;LAPTOP;3.04.2012;19;1928
50000624;ACER;PC;7.04.2012;2;7096
50000625;HP;LAPTOP;21.04.2012;5;2364
50000626;ASUS;PC;23.04.2012;3;4406
50000627;HP;PC;27.04.2012;1;4439
50000628;APPLE;LAPTOP;30.04.2012;2;4540
50000629;ASUS;LAPTOP;11.05.2012;3;3041
50000630;MSI ;LAPTOP;14.05.2012;6;2157
50000631;ACER;PC;17.05.2012;3;7160
50000632;HP;LAPTOP;31.05.2012;6;2393
50000633;ACER;LAPTOP;2.06.2012;4;3563
50000634;MSI;PC;9.06.2012;8;2592
50000635;ASUS;PC;12.06.2012;8;2350
50000636;APPLE;LAPTOP;19.06.2012;2;4535
50000637;HP;PC;26.06.2012;2;5541
50000638;ACER;PC;26.06.2012;1;7224
50000639;HP;LAPTOP;10.07.2012;6;2461
50000640;ASUS;LAPTOP;30.07.2012;4;3070
50000641;ACER;LAPTOP;1.08.2012;18;1857
50000642;ASUS;PC;1.08.2012;3;3758
50000643;ACER;PC;5.08.2012;2;7393
50000644;APPLE;LAPTOP;8.08.2012;4;4555
50000645;HP;LAPTOP;19.08.2012;7;2500
50000646;HP;PC;25.08.2012;3;4408
50000647;MSI;PC;7.09.2012;8;2560
50000648;MSI ;LAPTOP;11.09.2012;6;2186
50000649;ACER;PC;14.09.2012;2;7717
50000650;ASUS;PC;20.09.2012;7;2388
50000651;APPLE;LAPTOP;27.09.2012;4;4553
50000652;HP;LAPTOP;28.09.2012;10;2529
50000653;ACER;LAPTOP;30.09.2012;8;2569
50000654;ASUS;LAPTOP;18.10.2012;3;3289
50000655;HP;PC;24.10.2012;3;5325
50000656;ACER;PC;24.10.2012;2;8078
50000657;HP;LAPTOP;7.11.2012;7;2582
50000658;ASUS;PC;9.11.2012;3;3001
50000659;APPLE;LAPTOP;16.11.2012;3;4565
50000660;ACER;LAPTOP;29.11.2012;20;1904
50000661;ACER;PC;3.12.2012;3;8334
50000662;MSI;PC;6.12.2012;6;2551
50000663;HP;LAPTOP;17.12.2012;5;2609
50000664;HP;PC;23.12.2012;1;5538
50000665;ASUS;PC;29.12.2012;5;4115
50000666;APPLE;LAPTOP;5.01.2013;2;4566
50000667;ASUS;LAPTOP;6.01.2013;1;3296
50000668;MSI ;LAPTOP;9.01.2013;8;2211
50000669;ACER;PC;12.01.2013;2;8335
50000670;HP;LAPTOP;26.01.2013;9;2668
50000671;ACER;LAPTOP;28.01.2013;15;1916
50000672;ASUS;PC;17.02.2013;1;5928
50000673;HP;PC;21.02.2013;2;4579
50000674;ACER;PC;21.02.2013;2;8351
50000675;APPLE;LAPTOP;24.02.2013;3;4584
50000676;MSI;PC;6.03.2013;6;2544
50000677;HP;LAPTOP;7.03.2013;9;2725
50000678;MSI ;LAPTOP;10.03.2013;9;2245
50000679;ASUS;LAPTOP;27.03.2013;2;3469
50000680;ACER;LAPTOP;29.03.2013;13;2327
50000681;ACER;PC;2.04.2013;2;8472
50000682;ASUS;PC;8.04.2013;6;2871
50000683;APPLE;LAPTOP;15.04.2013;2;4599
50000684;HP;LAPTOP;16.04.2013;5;2788
50000685;HP;PC;22.04.2013;2;5121
50000686;MSI ;LAPTOP;9.05.2013;10;2284
50000687;ACER;PC;12.05.2013;2;8488
50000688;HP;LAPTOP;26.05.2013;5;2834
50000689;ACER;LAPTOP;28.05.2013;20;1783
50000690;ASUS;PC;28.05.2013;2;5827
50000691;APPLE;LAPTOP;4.06.2013;2;4612
50000692;MSI;PC;4.06.2013;4;2557
50000693;ASUS;LAPTOP;15.06.2013;4;3716
50000694;HP;PC;21.06.2013;5;4142
50000695;ACER;PC;21.06.2013;1;8497
50000696;HP;LAPTOP;5.07.2013;7;2855
50000697;MSI ;LAPTOP;8.07.2013;8;2315
50000698;ASUS;PC;17.07.2013;3;4946
50000699;APPLE;LAPTOP;24.07.2013;4;4621
50000700;ACER;LAPTOP;27.07.2013;11;2156
50000701;ACER;PC;31.07.2013;2;8618
50000702;HP;LAPTOP;14.08.2013;10;2885
50000703;HP;PC;20.08.2013;4;4863
50000704;MSI;PC;2.09.2013;6;2527
50000705;ASUS;LAPTOP;3.09.2013;4;3762
50000706;ASUS;PC;5.09.2013;5;4745
50000707;MSI ;LAPTOP;6.09.2013;9;2340
50000708;ACER;PC;9.09.2013;1;8619
50000709;APPLE;LAPTOP;12.09.2013;4;4612
50000710;HP;LAPTOP;23.09.2013;5;2936
50000711;ACER;LAPTOP;25.09.2013;16;1924
50000712;HP;PC;19.10.2013;5;5763
50000713;ACER;PC;19.10.2013;3;8719
50000714;ASUS;PC;25.10.2013;5;3029
50000715;APPLE;LAPTOP;1.11.2013;2;4623
50000716;HP;LAPTOP;2.11.2013;5;2945
50000717;MSI ;LAPTOP;5.11.2013;8;2332
50000718;ASUS;LAPTOP;22.11.2013;2;3836
50000719;ACER;LAPTOP;24.11.2013;17;1740
50000720;ACER;PC;28.11.2013;2;8723
50000721;MSI;PC;1.12.2013;6;2488
50000722;HP;LAPTOP;12.12.2013;6;2960
50000723;ASUS;PC;14.12.2013;3;3502
50000724;HP;PC;18.12.2013;5;5284
50000725;APPLE;LAPTOP;21.12.2013;4;4636
50000726;MSI ;LAPTOP;4.01.2014;10;2330
50000727;ACER;PC;7.01.2014;2;8948
50000728;HP;LAPTOP;21.01.2014;5;3029
50000729;ACER;LAPTOP;23.01.2014;16;1987
50000730;ASUS;PC;2.02.2014;3;3271
50000731;APPLE;LAPTOP;9.02.2014;3;4634
50000732;ASUS;LAPTOP;10.02.2014;4;4202
50000733;HP;PC;16.02.2014;1;4159
50000734;ACER;PC;16.02.2014;2;9204
50000735;MSI;PC;1.03.2014;5;2492
50000736;HP;LAPTOP;2.03.2014;10;3084
50000737;MSI ;LAPTOP;5.03.2014;10;2325
50000738;ACER;LAPTOP;24.03.2014;15;1914
50000739;ASUS;PC;24.03.2014;1;5182
50000740;ACER;PC;28.03.2014;2;9325
50000741;APPLE;LAPTOP;31.03.2014;2;4625
50000742;HP;LAPTOP;11.04.2014;5;3123
50000743;HP;PC;17.04.2014;3;4257
50000744;ASUS;LAPTOP;15.03.2014;6;1000
50000745;ASUS;LAPTOP;1.05.2014;2;4265
50000746;MSI ;LAPTOP;4.05.2014;7;2328
50000747;ACER;PC;7.05.2014;1;9521
50000748;ASUS;PC;13.05.2014;5;3513
50000749;APPLE;LAPTOP;20.05.2014;4;4630
50000750;HP;LAPTOP;21.05.2014;7;3171
50000751;ACER;LAPTOP;23.05.2014;14;2050
50000752;MSI;PC;30.05.2014;5;2455
50000753;HP;PC;16.06.2014;2;4996
50000754;ACER;PC;16.06.2014;1;9570
50000755;HP;LAPTOP;30.06.2014;10;3202
50000756;ASUS;PC;2.07.2014;3;4007
50000757;MSI ;LAPTOP;3.07.2014;7;2362
50000758;APPLE;LAPTOP;9.07.2014;2;4629
50000759;ASUS;LAPTOP;20.07.2014;1;4275
50000760;ACER;LAPTOP;22.07.2014;14;2204
50000761;ACER;PC;26.07.2014;2;9795
50000762;HP;LAPTOP;9.08.2014;7;3203
50000763;HP;PC;15.08.2014;3;5825
50000764;ASUS;PC;21.08.2014;4;4553
50000765;APPLE;LAPTOP;28.08.2014;3;4649
50000766;MSI;PC;28.08.2014;5;2428
50000767;MSI ;LAPTOP;1.09.2014;7;2408
50000768;ACER;PC;4.09.2014;1;10020
50000769;HP;LAPTOP;18.09.2014;6;3265
50000770;ACER;LAPTOP;20.09.2014;5;2699
50000771;ASUS;LAPTOP;8.10.2014;4;4348
50000772;ASUS;PC;10.10.2014;1;5738
50000773;HP;PC;14.10.2014;2;4037
50000774;ACER;PC;14.10.2014;1;10120
50000775;APPLE;LAPTOP;17.10.2014;3;4664
50000776;HP;LAPTOP;28.10.2014;10;3304
50000777;MSI ;LAPTOP;31.10.2014;9;2413
50000778;ACER;LAPTOP;19.11.2014;16;1736
50000779;ACER;PC;23.11.2014;2;10201
50000780;MSI;PC;26.11.2014;6;2399
50000781;ASUS;PC;29.11.2014;3;3114
50000782;APPLE;LAPTOP;6.12.2014;4;4684
50000783;HP;LAPTOP;7.12.2014;9;3324
50000784;HP;PC;13.12.2014;1;4826
50000785;ASUS;LAPTOP;27.12.2014;1;4563
50000786;MSI ;LAPTOP;30.12.2014;8;2463
50000787;ACER;PC;2.01.2015;2;10397
50000788;HP;LAPTOP;16.01.2015;10;3371
50000789;ACER;LAPTOP;18.01.2015;17;1845
50000790;ASUS;PC;18.01.2015;3;3746
50000791;APPLE;LAPTOP;25.01.2015;3;4684
50000792;HP;PC;11.02.2015;1;5441
50000793;ACER;PC;11.02.2015;3;10593
50000794;MSI;PC;24.02.2015;5;2383
50000795;HP;LAPTOP;25.02.2015;8;3430
50000796;MSI ;LAPTOP;28.02.2015;10;2463
50000797;ASUS;PC;9.03.2015;1;5622
50000798;APPLE;LAPTOP;16.03.2015;3;4694
50000799;ASUS;LAPTOP;17.03.2015;3;4754
50000800;ACER;LAPTOP;19.03.2015;11;2379
50000801;ACER;PC;23.03.2015;1;10789
50000802;HP;LAPTOP;6.04.2015;6;3479
50000803;HP;PC;12.04.2015;2;4471
50000804;ASUS;PC;28.04.2015;2;5749
50000805;MSI ;LAPTOP;29.04.2015;10;2461
50000806;ACER;PC;2.05.2015;2;10805
50000807;APPLE;LAPTOP;5.05.2015;3;4710
50000808;HP;LAPTOP;16.05.2015;5;3490
50000809;ACER;LAPTOP;18.05.2015;20;1872
50000810;MSI;PC;25.05.2015;5;2348
50000811;ASUS;LAPTOP;5.06.2015;1;4757
50000812;HP;PC;11.06.2015;1;5895
50000813;ACER;PC;11.06.2015;3;10806
50000814;ASUS;PC;17.06.2015;1;5912
50000815;APPLE;LAPTOP;24.06.2015;2;4709
50000816;HP;LAPTOP;25.06.2015;5;3518
50000817;MSI ;LAPTOP;28.06.2015;10;2502
50000818;ACER;LAPTOP;17.07.2015;7;2683
50000819;ACER;PC;21.07.2015;1;10822
50000820;HP;LAPTOP;4.08.2015;8;3583
50000821;ASUS;PC;6.08.2015;3;3224
50000822;HP;PC;10.08.2015;3;5076
50000823;APPLE;LAPTOP;13.08.2015;3;4701
50000824;MSI;PC;23.08.2015;6;2327
50000825;ASUS;LAPTOP;24.08.2015;4;4843
50000826;MSI ;LAPTOP;27.08.2015;8;2532
50000827;ACER;PC;30.08.2015;3;11078
50000828;HP;LAPTOP;13.09.2015;7;3650
50000829;ACER;LAPTOP;15.09.2015;2;3360
50000830;ASUS;PC;25.09.2015;3;4095
50000831;APPLE;LAPTOP;2.10.2015;4;4698
50000832;HP;PC;9.10.2015;3;5031
50000833;ACER;PC;9.10.2015;3;11094
50000834;HP;LAPTOP;23.10.2015;8;3691
50000835;MSI ;LAPTOP;26.10.2015;7;2560
50000836;ASUS;LAPTOP;12.11.2015;2;4878
50000837;ACER;LAPTOP;14.11.2015;8;2554
50000838;ASUS;PC;14.11.2015;2;5218
50000839;ACER;PC;18.11.2015;2;11350
50000840;APPLE;LAPTOP;21.11.2015;3;4714
50000841;MSI;PC;21.11.2015;6;2317
50000842;HP;LAPTOP;2.12.2015;5;3761
50000843;HP;PC;8.12.2015;4;4977
50000844;MSI ;LAPTOP;25.12.2015;8;2591
50000845;ACER;PC;28.12.2015;3;11471
50000846;ASUS;PC;3.01.2016;7;2404
50000847;APPLE;LAPTOP;10.01.2016;2;4727
50000848;HP;LAPTOP;11.01.2016;9;3802
50000849;ACER;LAPTOP;13.01.2016;12;2482
50000850;ASUS;LAPTOP;31.01.2016;1;4921
50000851;HP;PC;6.02.2016;1;5585
50000852;ACER;PC;6.02.2016;3;11832
50000853;MSI;PC;19.02.2016;6;2332
50000854;HP;LAPTOP;20.02.2016;5;3826
50000855;ASUS;PC;22.02.2016;3;4025
50000856;MSI ;LAPTOP;23.02.2016;10;2603
50000857;APPLE;LAPTOP;29.02.2016;3;4738
50000858;ACER;LAPTOP;13.03.2016;8;2912
50000859;ACER;PC;17.03.2016;2;11896
50000860;HP;LAPTOP;31.03.2016;8;3849
50000861;HP;PC;6.04.2016;5;4489
50000862;ASUS;PC;12.04.2016;4;3466
50000863;APPLE;LAPTOP;19.04.2016;3;4754
50000864;ASUS;LAPTOP;20.04.2016;1;5203
50000865;MSI ;LAPTOP;23.04.2016;10;2633
50000866;ACER;PC;26.04.2016;2;12185
50000867;HP;LAPTOP;10.05.2016;9;3865
50000868;ACER;LAPTOP;12.05.2016;13;2252
50000869;MSI;PC;19.05.2016;6;2299
50000870;ASUS;PC;1.06.2016;3;4649
50000871;HP;PC;5.06.2016;5;4974
50000872;ACER;PC;5.06.2016;1;12381
50000873;APPLE;LAPTOP;8.06.2016;3;4768
50000874;HP;LAPTOP;19.06.2016;7;3909
50000875;MSI ;LAPTOP;22.06.2016;8;2631
50000876;ASUS;LAPTOP;9.07.2016;4;5207
50000877;ACER;LAPTOP;11.07.2016;8;2577
50000878;ACER;PC;15.07.2016;3;12550
50000879;ASUS;PC;21.07.2016;2;5849
50000880;APPLE;LAPTOP;28.07.2016;3;4768
50000881;HP;LAPTOP;29.07.2016;10;3971
50000882;HP;PC;4.08.2016;2;5181
50000883;MSI;PC;17.08.2016;5;2313
50000884;MSI ;LAPTOP;21.08.2016;8;2639
50000885;ACER;PC;24.08.2016;2;12566
50000886;HP;LAPTOP;7.09.2016;7;4005
50000887;ACER;LAPTOP;9.09.2016;13;2377
50000888;ASUS;PC;9.09.2016;3;4570
50000889;APPLE;LAPTOP;16.09.2016;4;4784
50000890;ASUS;LAPTOP;27.09.2016;3;5214
50000891;HP;PC;3.10.2016;2;4097
50000892;ACER;PC;3.10.2016;1;12822
50000893;HP;LAPTOP;17.10.2016;10;4005
50000894;MSI ;LAPTOP;20.10.2016;8;2653
50000895;ASUS;PC;29.10.2016;6;2132
50000896;APPLE;LAPTOP;5.11.2016;2;4786
50000897;ACER;LAPTOP;8.11.2016;14;2291
50000898;ACER;PC;12.11.2016;2;12838
50000899;MSI;PC;15.11.2016;4;2307
50000900;HP;LAPTOP;26.11.2016;7;4051
50000901;HP;PC;2.12.2016;1;5724
50000902;ASUS;LAPTOP;27.10.2016;1;9000
50000903;ASUS;LAPTOP;16.12.2016;3;5219
50000904;ASUS;PC;18.12.2016;4;4986
50000905;MSI ;LAPTOP;19.12.2016;8;2701
50000906;ACER;PC;22.12.2016;2;12874
50000907;APPLE;LAPTOP;25.12.2016;2;4783
50000908;HP;LAPTOP;5.01.2017;8;4101
50000909;ACER;LAPTOP;7.01.2017;5;2646
50000910;HP;PC;31.01.2017;1;5099
50000911;ACER;PC;31.01.2017;2;12910
50000912;ASUS;PC;6.02.2017;5;4557
50000913;APPLE;LAPTOP;13.02.2017;4;4797
50000914;MSI;PC;13.02.2017;4;2269
50000915;HP;LAPTOP;14.02.2017;7;4170
50000916;MSI ;LAPTOP;17.02.2017;7;2694
50000917;ASUS;LAPTOP;6.03.2017;2;5216
50000918;ACER;LAPTOP;8.03.2017;10;2066
50000919;ACER;PC;12.03.2017;1;12991
50000920;HP;LAPTOP;26.03.2017;9;4225
50000921;ASUS;PC;28.03.2017;4;3742
50000922;HP;PC;1.04.2017;2;4775
50000923;APPLE;LAPTOP;4.04.2017;4;4808
50000924;MSI ;LAPTOP;18.04.2017;10;2694
50000925;ACER;PC;21.04.2017;3;13027
50000926;HP;LAPTOP;5.05.2017;7;4235
50000927;ACER;LAPTOP;7.05.2017;9;2513
50000928;MSI;PC;14.05.2017;4;2281
50000929;ASUS;PC;17.05.2017;5;4974
50000930;APPLE;LAPTOP;24.05.2017;4;4816
50000931;ASUS;LAPTOP;25.05.2017;2;5471
50000932;HP;PC;31.05.2017;4;5793
50000933;ACER;PC;31.05.2017;2;13283
50000934;HP;LAPTOP;14.06.2017;8;4304
50000935;MSI ;LAPTOP;17.06.2017;8;2733
50000936;ACER;LAPTOP;6.07.2017;11;2200
50000937;ASUS;PC;6.07.2017;5;4223
50000938;ACER;PC;10.07.2017;3;13607
50000939;APPLE;LAPTOP;13.07.2017;3;4835
50000940;HP;LAPTOP;24.07.2017;8;4308
50000941;HP;PC;30.07.2017;5;4712
50000942;MSI;PC;12.08.2017;5;2265
50000943;ASUS;LAPTOP;13.08.2017;3;5787
50000944;MSI ;LAPTOP;16.08.2017;10;2750
50000945;ACER;PC;19.08.2017;1;13616
50000946;ASUS;PC;25.08.2017;1;5409
50000947;APPLE;LAPTOP;1.09.2017;4;4826
50000948;HP;LAPTOP;2.09.2017;5;4328
50000949;ACER;LAPTOP;4.09.2017;8;2529
50000950;HP;PC;28.09.2017;5;4981
50000951;ACER;PC;28.09.2017;2;13641
50000952;HP;LAPTOP;12.10.2017;7;4386
50000953;ASUS;PC;14.10.2017;2;5934
50000954;MSI ;LAPTOP;15.10.2017;8;2781
50000955;APPLE;LAPTOP;21.10.2017;2;4817
50000956;ASUS;LAPTOP;1.11.2017;4;5841
50000957;ACER;LAPTOP;3.11.2017;15;1789
50000958;ACER;PC;7.11.2017;1;13810
50000959;MSI;PC;10.11.2017;6;2227
50000960;HP;LAPTOP;21.11.2017;7;4409
50000961;HP;PC;27.11.2017;5;4988
50000962;ASUS;PC;3.12.2017;8;2727
50000963;APPLE;LAPTOP;10.12.2017;4;4832
50000964;MSI ;LAPTOP;14.12.2017;9;2801
50000965;ACER;PC;17.12.2017;3;13826
50000966;HP;LAPTOP;31.12.2017;6;4424
50000967;ACER;LAPTOP;2.01.2018;4;3542
50000968;ASUS;LAPTOP;20.01.2018;3;5855
50000969;ASUS;PC;22.01.2018;6;2200
50000970;HP;PC;26.01.2018;1;5286
50000971;ACER;PC;26.01.2018;1;14150
50000972;APPLE;LAPTOP;29.01.2018;4;4829
50000973;MSI;PC;8.02.2018;6;2227
50000974;HP;LAPTOP;9.02.2018;9;4432
50000975;MSI ;LAPTOP;12.02.2018;9;2849
50000976;ACER;LAPTOP;3.03.2018;19;1785
50000977;ACER;PC;7.03.2018;2;14199
50000978;ASUS;PC;13.03.2018;4;4613
50000979;APPLE;LAPTOP;20.03.2018;3;4820
50000980;HP;LAPTOP;21.03.2018;6;4454
50000981;HP;PC;27.03.2018;1;4498
50000982;ASUS;LAPTOP;10.04.2018;1;5863
50000983;MSI ;LAPTOP;13.04.2018;7;2839
50000984;ACER;PC;16.04.2018;2;14299
50000985;HP;LAPTOP;30.04.2018;7;4509
50000986;ACER;LAPTOP;2.05.2018;11;2221
50000987;ASUS;PC;2.05.2018;8;2340
50000988;APPLE;LAPTOP;9.05.2018;4;4824
50000989;MSI;PC;9.05.2018;5;2210
50000990;HP;PC;26.05.2018;3;5509
50000991;ACER;PC;26.05.2018;3;14348
50000992;HP;LAPTOP;9.06.2018;10;4526
50000993;MSI ;LAPTOP;12.06.2018;7;2844
50000994;ASUS;PC;21.06.2018;5;4075
50000995;APPLE;LAPTOP;28.06.2018;4;4833
50000996;ASUS;LAPTOP;29.06.2018;4;5955
50000997;ACER;LAPTOP;1.07.2018;13;2360
50000998;ACER;PC;5.07.2018;3;14709
50000999;HP;LAPTOP;19.07.2018;8;4538
50001000;HP;PC;25.07.2018;1;4143
50001001;MSI;PC;7.08.2018;6;2218
50001002;ASUS;PC;10.08.2018;3;3476
50001003;MSI ;LAPTOP;11.08.2018;7;2864
50001004;ACER;PC;14.08.2018;3;15033
50001005;APPLE;LAPTOP;17.08.2018;3;4826
50001006;HP;LAPTOP;28.08.2018;7;4594
50001007;ACER;LAPTOP;30.08.2018;20;1828
50001008;ASUS;LAPTOP;12.08.2018;4;500
50001009;ASUS;LAPTOP;17.09.2018;4;5998
50001010;HP;PC;23.09.2018;3;4511
50001011;ACER;PC;23.09.2018;3;15058
50001012;ASUS;PC;29.09.2018;7;2473
50001013;APPLE;LAPTOP;6.10.2018;2;4820
50001014;HP;LAPTOP;7.10.2018;9;4606
50001015;MSI ;LAPTOP;10.10.2018;7;2871
50001016;ACER;LAPTOP;29.10.2018;5;2561
50001017;ACER;PC;2.11.2018;3;15067
50001018;MSI;PC;5.11.2018;6;2210
50001019;HP;LAPTOP;16.11.2018;7;4671
50001020;ASUS;PC;18.11.2018;1;5884
50001021;HP;PC;22.11.2018;5;5407
50001022;APPLE;LAPTOP;25.11.2018;4;4811
50001023;ASUS;LAPTOP;6.12.2018;4;6048
50001024;MSI ;LAPTOP;9.12.2018;9;2888
50001025;ACER;PC;12.12.2018;3;15068
50001026;HP;LAPTOP;26.12.2018;6;4681
50001027;ACER;LAPTOP;28.12.2018;9;2761
50001028;ASUS;PC;7.01.2019;2;5360
50001029;APPLE;LAPTOP;14.01.2019;2;4819
50001030;HP;PC;21.01.2019;5;4249
50001031;ACER;PC;21.01.2019;2;15077
50001032;MSI;PC;3.02.2019;5;2221
50001033;HP;LAPTOP;4.02.2019;10;4744
50001034;MSI ;LAPTOP;7.02.2019;9;2928
50001035;ASUS;LAPTOP;24.02.2019;1;6060
50001036;ACER;LAPTOP;26.02.2019;5;2725
50001037;ASUS;PC;26.02.2019;7;2677
50001038;ACER;PC;2.03.2019;1;15081
50001039;APPLE;LAPTOP;5.03.2019;2;4810
50001040;HP;LAPTOP;16.03.2019;7;4785
50001041;HP;PC;22.03.2019;1;4981
50001042;MSI ;LAPTOP;8.04.2019;9;2976
50001043;ACER;PC;11.04.2019;3;15145
50001044;ASUS;PC;17.04.2019;6;2554
50001045;APPLE;LAPTOP;24.04.2019;3;4821
50001046;HP;LAPTOP;25.04.2019;6;4827
50001047;ACER;LAPTOP;27.04.2019;20;1904
50001048;MSI;PC;4.05.2019;5;2228
50001049;ASUS;LAPTOP;15.05.2019;4;6083
50001050;HP;PC;21.05.2019;2;4039
50001051;ACER;PC;21.05.2019;1;15289
50001052;HP;LAPTOP;4.06.2019;6;4895
50001053;ASUS;PC;6.06.2019;2;5283
50001054;MSI ;LAPTOP;7.06.2019;10;2969
50001055;APPLE;LAPTOP;13.06.2019;2;4836
50001056;ACER;LAPTOP;26.06.2019;7;2883
50001057;ACER;PC;30.06.2019;2;15314
50001058;HP;LAPTOP;14.07.2019;9;4939
50001059;HP;PC;20.07.2019;2;5904
50001060;ASUS;PC;26.07.2019;5;3042
50001061;APPLE;LAPTOP;2.08.2019;3;4847
50001062;ASUS;LAPTOP;3.08.2019;1;6382
50001063;MSI ;LAPTOP;6.08.2019;9;2974
50001064;ACER;PC;9.08.2019;3;15539
50001065;HP;LAPTOP;23.08.2019;7;4947
50001066;ACER;LAPTOP;25.08.2019;14;2280
50001067;ASUS;PC;14.09.2019;2;5095
50001068;ACER;PC;18.09.2019;2;15660
50001069;APPLE;LAPTOP;21.09.2019;3;4855
50001070;HP;LAPTOP;2.10.2019;7;4996
50001071;MSI ;LAPTOP;5.10.2019;8;2970
50001072;ACER;LAPTOP;24.10.2019;12;2235
50001073;ACER;PC;28.10.2019;2;16021
50001074;ASUS;PC;3.11.2019;5;3951
50001075;APPLE;LAPTOP;10.11.2019;3;4872
50001076;HP;LAPTOP;11.11.2019;8;5041
50001077;MSI ;LAPTOP;4.12.2019;9;2971
50001078;ACER;PC;7.12.2019;1;16165
50001079;HP;LAPTOP;21.12.2019;9;5099
50001080;ASUS;PC;23.12.2019;5;4302
