ID;FIRST NAME;LAST NAME;BIRTH DATE
200078567;NOEMI;NEWTON;6.03.1979
200078568;NORA;NEWMAN;3.12.1979
200078569;NICK;NORRIS;24.03.1982
200078570;NIKI;NEAL;5.12.1973
200078571;NICK;NOLAN;12.08.1987
200078572;NICHOLAS;NOBLE;8.10.1998
200078573;NIKLAS;NICHOLSON;3.10.1972
200078574;NORA;NICHOLSON;1.09.1981
200078575;NORA;NEWMAN;23.12.1974
200078576;NOEMI;NEAL;14.02.1981
200078577;NIKOLAS;NORMAN;12.08.2005
200078578;NEHEMIAH;NEWTON;1.06.1986
200078579;NOEMI;NEWMAN;3.05.1983
200078580;NOEMI;NICHOLS;16.12.1994
200078581;NOEMI;NEAL;6.04.1992
200078582;NEHEMIAH;NORTON;7.07.1989
200078583;NIKOLAS;NICHOLSON;1.04.1979
200078584;NORA;NOBLE;4.06.1979
200078585;NIKOLAS;NOLAN;19.04.1991
200078586;NORA;NASH;12.07.2003
200078587;NORA;NORMAN;7.09.1973
200078588;NORA;NEWTON;3.08.1978
200078589;NORA;NEWTON;15.08.1984
200078590;NIKI;NICHOLS;3.06.1995
200078591;NICHOLAS;NORRIS;27.09.1980
200078592;NEHEMIAH;NORMAN;2.09.2005
200078593;NICK;NEWTON;7.02.1982
200078594;NASIR;NORRIS;21.12.1971
200078595;NICO;NOBLE;6.04.1991
200078596;NICHOLAS;NEWMAN;15.02.1996
200078597;NIKI;NICHOLS;29.10.1984
200078598;NOEMI;NOBLE;8.04.1970
200078599;NICO;NOLAN;29.08.1997
200078600;NOEMI;NEAL;26.07.1998
200078601;NIKOLAS;NORTON;17.11.2000
200078602;NAOMI;NORRIS;12.03.1988
200078603;NEHEMIAH;NOBLE;22.02.2005
200078604;NOEMI;NORRIS;25.01.2002
200078605;NIKI;NOLAN;2.09.1975
200078606;NICO;NASH;16.07.1988
200078607;NORA;NEAL;1.05.1987
200078608;NAOMI;NOBLE;19.10.1985
200078609;NEHEMIAH;NORMAN;6.02.1989
200078610;NICK;NEWMAN;10.10.1972
200078611;NICO;NORTON;7.12.2002
200078612;NOEMI;NORMAN;4.09.1980
200078613;NIKI;NEWTON;23.03.1972
200078614;NORA;NOLAN;11.04.1982
200078615;NIKI;NEWMAN;23.05.2002
200078616;NICK;NORMAN;21.07.1997
200078617;NAOMI;NICHOLS;23.12.2004
200078618;NORA;NASH;25.07.1994
200078619;NORA;NASH;8.03.1978
200078620;NASIR;NOBLE;29.04.1975
200078621;NIKLAS;NICHOLS;19.02.1988
200078622;NICK;NEAL;23.02.2002
200078623;NORA;NORMAN;28.11.1997
200078624;NEHEMIAH;NASH;7.11.2001
200078625;NASIR;NASH;14.05.1983
200078626;NICHOLAS;NORRIS;18.07.1980
200078627;NIKI;NASH;11.04.1981
200078628;NIKI;NOLAN;11.01.1991
200078629;NEHEMIAH;NORRIS;26.03.1978
200078630;NIKI;NORRIS;27.12.2004
200078631;NIKI;NEWTON;18.04.1985
200078632;NIKOLAS;NOBLE;8.02.2002
200078633;NIKLAS;NORMAN;8.07.1979
200078634;NIKI;NORMAN;27.05.1986
200078635;NIKLAS;NASH;4.03.1974
200078636;NORA;NASH;10.01.1971
200078637;NEHEMIAH;NORMAN;4.04.1981
200078638;NORA;NASH;24.02.1987
200078639;NAOMI;NICHOLS;7.03.1995
200078640;NIKI;NICHOLS;4.12.1982
200078641;NAOMI;NEWMAN;5.12.1979
200078642;NASIR;NORTON;12.02.2003
200078643;NIKOLAS;NORRIS;7.03.1999
200078644;NICK;NOBLE;8.12.1993
200078645;NORA;NEAL;5.03.2001
200078646;NICO;NORMAN;22.04.1996
200078647;NIKI;NASH;9.10.1997
200078648;NIKOLAS;NICHOLSON;18.04.1997
200078649;NORA;NORRIS;23.11.2004
200078650;NIKLAS;NICHOLSON;7.10.1989
200078651;NIKI;NORMAN;7.06.1988
200078652;NICO;NEWMAN;7.11.1985
200078653;NICK;NOBLE;4.11.1981
200078654;NICO;NEWTON;8.06.1980
200078655;NICO;NOLAN;21.12.1972
200078656;NIKI;NICHOLS;7.06.1980
200078657;NICK;NICHOLS;4.01.1992
200078658;NICO;NORMAN;2.03.1994
200078659;NEHEMIAH;NOLAN;14.04.1972
200078660;NAOMI;NICHOLS;14.04.1981
200078661;NIKLAS;NICHOLS;2.12.1983
200078662;NIKOLAS;NASH;30.11.1999
200078663;NICHOLAS;NEWMAN;10.10.1971
200078664;NOEMI;NASH;25.09.2000
200078665;NICHOLAS;NORRIS;14.04.1986
200078666;NICHOLAS;NEWMAN;6.02.2003
